key,tnea_code,college_name
0,1,"University Departments of Anna University, Chennai - CEG
Campus, Sardar Patel Road, Guindy, Chennai 600 025"
1,2,"University Departments of Anna University, Chennai - ACT
Campus, Sardar Patel Road, Guindy, Chennai 600 025"
2,3,"University Departments of Anna University, Chennai - SAP
Campus, Sardar Patel Road, Guindy, Chennai 600 025"
3,4,"University Departments of Anna University, Chennai - MIT
Campus, Chrompet, Tambaram Taluk, Kancheepuram District 600
044"
4,5,"Faculty of Engineering, Annamalai University, Annamalai Nagar,
Chidamparam 608002"
5,1013,"University College of Engineering, Villupuram, Kakuppam,
Villupuram District 605103"
6,1014,"University College of Engineering, Tindivanam, Melpakkam,
Tindivanam, Villupuram District 604001"
7,1015,"University College of Engineering, Arni, Arni to Devikapuram
Road, Thatchur, Arni, Thiruvannamalai District 632326"
8,1026,"University College of Engineering, Kancheepuram, Ponnerikarai
Campus, NH4, Chennai-Bangalore Highway, Karaipettai Village
& Post, Kancheepuram District 631552"
9,1101,"Aalim Muhammed Salegh College of Engineering, Muthapudupet,
Avadi IAF, Chennai 600055"
10,1106,"Jaya Engineering College, Thirunindravur, Chennai 602024"
11,1107,"Jaya Institute of Technology, Kanchipadi Post, Thiruvallur-Tiruttani NH Road, Thiruvallur District 631204"
12,1110,"Prathyusha Engineering college, Aranvoyalkuppam, Thiruvallur
District 602025"
13,1112,"R M D Engineering College, Kavaraipettai, Gummidipoondi,
Thiruvallur District 601206"
14,1113,"R M K Engineering College, Kavaraipettai, Gummidipoondi,
Thiruvallur District 601206"
15,1114,"S A Engineering College, Thiruverkadu, Chennai 600077"
16,1115,"Sri Ram Engineering College, Perumalpattu, Veppampattu (R S),
Thiruvallur District 602 024"
17,1116,"Sri Venkateswara College of Engineering and Technology,
Thirupachur, Thiruvallur District 631203"
18,1118,"Vel Tech Multi Tech Dr. Rangarajan Dr. Sakunthala Engineering
College, Avadi-Alamathi Road, Chennai 600 062"
19,1120,"Velammal Engineering College, Ambattur-Redhills Road,
Chennai 600066"
20,1121,"Sri Venkateswara Institute of Science and Technology,
Kozhundalur, Thiruvallur District 631203"
21,1122,"Vel Tech High Tech Dr. Rangarajan Dr. Sakunthala Engineering
College, Avadi-Alamathi Road, Chennai 600 062"
22,1123,"Gojan School of Business and Technology, Alamathi, Chennai
600062"
23,1124,"SAMS College of Engineering and Technology, Panappakkam,
Chennai-Tirupathi Road, Uthukkottai Taluk, Thiruvallur District
601102"
24,1125,"P M R Engineering College, Adayalampattu, Maduravoyal ,
Vanagaram, Chennai 600095"
25,1126,"J N N Institute of Engineering, Ushaa Garden, Kannigaipair
Village, Uthukottai Taluk, Thiruvallur District 601102"
26,1127,"St. Peters College of Engineering and Technology, College Road,
Avadi, Chennai 600 054"
27,1128,"R M K College of Engineering and Technology, Puduvoyal,
Gummidipoondi Taluk, Thiruvallur District 601206"
28,1129,"Jaya School of Architecture, Poonamallee Bypass, Poonamallee,
Thiruvallur District 600056"
29,1130,"MARG Instiute of Design & Architecture Swarnabhoomi
(MIDAS), Marg Swarnabhoomi, Velur Village, Cheyyur Post,
Kancheepuram District 603302"
30,1131,"Vel Tech, Avadi-Alamathi Road, Chennai 600062"
31,1132,"Rajalakshmi School of Architecture, Thandalam, Sriperumpudur
Taluk, Kancheepuram District 602105"
32,1133,"Annai Veilankannis College of Engineering, Gandhi Road,
Nedungundram, Chennai 600048"
33,1134,"Surya School of Architecture, GST Road, Vikravandi Village,
Villupuram District 605652"
34,1135,"Aalim Muhammed Salegh Academy of Architecture,
Muthapudupet, Avadi IAF, Chennai 600055"
35,1137,"Annai Mira College of Engineering and Technology, Arcot Road,
Arappakkam Village, Walaja Taulk, Vellore District 632 517"
36,1138,"Davinci School of Design and Architecture, Karapakkam, Chennai
600097"
37,1140,"Jeppiaar Institute of Technology, Kunnam Village, Sriperumpudur
Taluk, Kancheepuram District 631604"
38,1141,"R V S Padmavathy College of Engineering and Technology,
Senthil Pakkam Village, Roshanagaram Post, Madarapakkam Via,
Gummidipoondi Taluk, Thiruvallur District 601202"
39,1143,"Kumaran Institute of Techonology, Kollati Village, Minjur,
Ponneri Taluk, Thiruvallur District 601203"
40,1144,"R V S Padmavathy School of Architecture, Senthil Pakkam
Village, Roshanagaram Post, Madarapakkam Via,
Gummidipoondi Taluk, Thiruvallur District 601202"
41,1145,"Anand School of Architecture, Old Mahalibalipuram Road
(OMR), Kazhipattur, Kancheepuram District 603103"
42,1146,"Misrimal Navajee Munoth Jain School of Architecture, Rajiv
Gandhi Salai (OMR), Thoraipakkam, Chennai 600096"
43,1147,"MMES Academy of Architecture, C.Abdul Hakeem College
Campus, Hakeem Nagar, Melvisharam, Vellore District 632509"
44,1149,"St. Josephs Institute of Technology, Jeppiaar Nagar, Old
Mahabalipuram Road (OMR), Chennai 600119"
45,1150,"Sri Jayaram Institute of Engineering and Technology, 51 N,
Elavur, 58N, Natham, Gummidipoondi Taluk, Thiruvallur District
601201"
46,1152,"CAAD - Chennai Academy of Architecture and Design, No 24,
Thumbakkam Chennai-Thirupathi Highway, Near Periyapalayam
Amman Temple, Chennai 601102"
47,1152,"CAAD - Chennai Academy of Architecture and Design, No
24,Thumbakkam Chennai-Thirupathi Highway, Near
Periyapalayam Amman Temple, Chennai 601102"
48,1153,"Jawahar School of Architecture Planning and Design, No.54, K K
Road, Saligramam, Chennai 600093"
49,1155,"SREE SASTHA SCHOOL OF ARCHITECHTURE &
PLANNING, Chennai - Bangalore Highway, Chembarambakkam,
Tiruvallur District 600123"
50,1202,"D M I College of Engineering, Palanchoor, Nazrethpet, Chennai
602103"
51,1205,"Lord Venkateshwara Engineering College, Walajabad Post,
Kancheepuram District 631605"
52,1206,"Jeppiaar Maamallan Engineering college, Vadamangalam Post,
Kancheepuram District 602105"
53,1207,"Kings Engineering College, Sriperumpudur Taluk, Kancheepuram
District 602105"
54,1209,"Pallavan College of Engineering, Thimmasamudram,
Kancheepuram District 631502"
55,1210,"Panimalar Engineering College, Nazarethpet, Poonamallee,
Chennai 602103"
56,1211,"Rajalakshmi Engineering College, Thandalam, Sriperumpudur
Taluk, Kancheepuram District 602105"
57,1212,"Rajiv Gandhi College of Engineering, Nemili, Sriperumpudur
Taluk, Kancheepuram District 602105"
58,1213,"S K R Engineering College, Poonamallee, Chennai 600123"
59,1214,"Sakthi Mariamman Engineering College, Narayanasamy Nagar,
Thandalam, Chennai 602105"
60,1216,"Saveetha Engineering College, Thandalam, Sriperumpudur Taluk,
Kancheepuram District 602105"
61,1217,"Sree Sastha Institute of Engineering and Technology,
Chembarambakkam, Chennai 600123"
62,1218,"Sri Muthukumaran Institute of Technology, Near Mangadu,
Chennai 600069"
63,1219,"Sri Venkateswara College of Engineering, Post Bag No.1,
Chennai-Bengaluru High Road, Pennalur, Irungattukottai S.O.,
Sriperumbudur Taluk, Kancheepuram District 602117"
64,1221,"Jaya College of Engineering and Technology, Parivakkam,
Poonamallee, Chennai 600056"
65,1222,"P B College of Engineering, Irungkattukottai, Sriperumpudur
Taluk, Kancheepuram District 602105"
66,1225,"Loyola Institute of Technology, Mevaloorkuppam, B Village,
Palanchoor, Nazarethpet Post, Chennai 600123"
67,1226,"P T Lee Chengalvaraya Naicker College of Engineering and
Technology, Oovery, Veliyur Post, Kancheepuram District 631
502"
68,1228,"Alpha College of Engineering, Dr. Grace George Nagar, Udayavar
Koil Street, Thirumazhisai, Poonamalle, Chennai 602107"
69,1229,"Indira Institute of Engineering and Technology, VGR Gardens,
Pandur, Thiruvallur District 631203"
70,1230,"Apollo Engineering College, Mevaloorkuppam, Valarpuram Post,
Sriperumpudur, Kancheepuram District 602105"
71,1231,"Panimalar Institute of Technology, Nazarethpet, Poonamallee,
Chennai 602103"
72,1232,"A R M College of Engineering and Technology, Sattamangalam,
Maraimalainagar, Kancheepuram District 603209"
73,1233,"Adhi College of Engineering and Technology, Pazhayaseevaram,
Madura Sankarapuram Village, Kancheepuram District 631605"
74,1234,"Indira Gandhi College of Engineering and Technology for
Women, Chengalpattu-Kancheepuram High Road, Kancheepuram
District 603101"
75,1235,"JEI Mathaajee College of Engineering, Vishakandikupam Village,
Kancheepuram District 631552"
76,1237,"Velammal Institute of Technology, Chennai-Kolkatta Highway,
Panchetti Village, Ponneri Taluk, Thiruvallur District 601204"
77,1238,"GRT Institute of Engineering and Technology, GRT Mahalakshmi
Nagar, Chennai-Tirupathi Highway, Tiruttani Taluk, Thiruvallur
District 631209"
78,1241,"T J S Engineering College, Peruvoyal, Near Kavaraipettai,
Gummidipoondi Taluk, Thiruvallur District 601206"
79,1243,"Madha Institute of Engineering and Technology, Erandamkattalai
Village, Sadhananthapuram, Thandalam Post, Chennai 602101"
80,1301,"Mohamed Sathak A J College of Engineering, Old Mahabalipuram
Road (OMR), Egattur, Kancheepuram District 603103"
81,1303,"Anand Institute of Higher Technology, Old Mahabalipuram Road
(OMR), Kazhipattur, Kancheepuram District 603103"
82,1304,"Easwari Engineering College, Ramapuram, Chennai 600089"
83,1306,"Jeppiar Engineering College, Old Mahabalipuram Road (OMR),
Chennai 600119"
84,1307,"Jerusalem College of Engineering, Narayanapuram, Pallikaranai,
Chennai 600 100"
85,1308,"Measi Academy of Architecture, Royapettah, Chennai 600 014"
86,1309,"Meenakshi Sundararajan Engineering College, Kodambakkam,
Chennai 600024"
87,1310,"Misrimal Navajee Munoth Jain Engineering College, Rajiv Gandhi
Salai (OMR), Thorappakkam, Chennai 600096"
88,1311,"K C G College of Technology, Karappakkam, Chennai 600096"
89,1313,"SMK Fomra Institute of Technology, Fomra Nagar, OMR (IT
Express Highway), Kelampakkam, Chennai 603103"
90,1315,"Sri Sivasubramaniya Nadar College of Engineering, Kalavakkam,
Old Mahabalipuram Road (OMR), Kancheepuram District 603110"
91,1316,"Agni College of Technology, Old Mahabalipuram Road (OMR),
Thalambur Village, Kancheepuram District 603103"
92,1317,"St. Joseph�s College of Engineering, Old Mahabalipuram Road
(OMR), Chennai 600 119"
93,1319,"Thangavelu Engineering College, Karappakkam, Chennai 600097"
94,1320,"Jeppiaar SRR Engineering College, Old Mahabalipuram Road,
Kancheepuram District 603103"
95,1321,"Central Institute of Plastics Engineering and Technology (CIPET),
Guindy, Chennai 600032"
96,1321,
97,1322,"Dhanalakshmi Srinivasan College of Engineering and Technology,
East Coast Road, Poonjeri, Chennai 603104"
98,1323,"A C T College of Engineering and Technology, Nelvoy Village,
Pukkathurai Post, Maduranthagam, Kancheepuram District
603107"
99,1324,"Sri Sai Ram Institute of Technology, West Tambaram, Chennai
600044"
100,1325,"St. Joseph College of Engineering, Trinity Campus, Nemili,
Sriperumpudur Taluk, Kancheepuram District 602105"
101,1333,"Vi Institute of Technology, Sirunkundram Village & Post,
Chengalput Taluk, Kancheepuram District 603108"
102,1334,"ARS College of Engineering, Maraimalai Nagar Post,
Kancheepuram District 603209"
103,1335,"Sri Krishna Institute of Technology, Panapakkam, Padappai,
Chennai 601301"
104,1399,"Chennai Institute of Technology, Puduper Village,
Nandambakkam Post, Kundrathur, Chennai 600069"
105,1400,"Mohamed Sathak A J Academy of Architecture, Old
Mahabalipuram Road (OMR), Kancheepuram District 603103"
106,1401,"Adhiparasakthi Engineering College, Melmaruvathur,
Kancheepuram District 603319"
107,1402,"Annai Terasa College of Engineering, Thirunavalur, Villupuram
District 607204"
108,1405,"Dhanalakshmi College of Engineering, Manimangalam, Chennai
601301"
109,1406,"Dr. Pauls Engineering College, Pauls Nagar, Pulichapallam
Village, Vanur Taluk, Villupuram District 605109"
110,1407,"G K M College of Engineering and Technology, Alappakkam-Mappedu Road, Chennai 600063"
111,1408,"I F E T College of Engineering, Gangarampalayam, Villupuram
District 605108"
112,1409,"Karpagavinayaga College of Engineering and Technology,
Palayanoor Post, Maduranthagam Taluk, Kancheepuram District
603308"
113,1409,"Karpagavinayaga College of Engineering and Technology,
Palayanoor Post, Maduranthagam Taluk, Kancheepuram District"
114,1411,"Madha Engineering College, Kundrathur, Chennai 600069"
115,1412,"Mailam Engineering College, Mailam, Villupuram District 604304"
116,1413,"Sri Venkateswaraa College of Technology, Sirukulathur, Vadakkal
Village, Pondur Post, Sriperumbudur Taluk, Kancheepuram
District 602105"
117,1414,"Prince Shri Venkateshwara Padmavathy Enginering College,
Ponmar, Chennai 600048"
118,1415,"T S M Jain College of Technology, Melur Village, Kallakurichi,
Villupuram District 606201"
119,1416,"Jaya Sakthi Engineering College, Thirunindravur, Chennai 602024"
120,1417,"Shri Andal Alagar College of Engineering, Mamandur,
Kancheepuram District 603111"
121,1419,"Sri Sairam Enginering College, West Tambaram, Chennai 600044"
122,1420,"Tagore Engineering College, Rathnamangalam, Vandalur Post,
Chennai 600048"
123,1421,"V R S College of Engineering and Technology, Arasur,
Villupuram District 607107"
124,1422,"SRM Valliammai Engineering College, Kattankulathur, Chennai
603203"
125,1424,"Dhaanish Ahmed College of Engineering, Padappai, Chennai
601301"
126,1426,"Sri Ramanujar Engineering College, Vandalur, Kolappakkam,
Chennai 600048"
127,1427,"Sri Krishna Engineering College, Panappakkam, Padappai,
Chennai 601301"
128,1428,"E S Engineering College, Chennai Trunk Road, Ayyankoilpattu,
Villupuram District 605602"
129,1430,"Maha Bharathi Engineering College, A Vasudevanur,
Chinnasalem, Kallakurichi Taluk, Villupuram District 606201"
130,1431,"New Prince Shri Bhavani College of Engineering and Technology,
Vengaivasal Main Road, Gowriwakkam, Chennai 600073"
131,1432,"Rajalakshmi Institute of Technology, Irulapalayam,
Kuthampakkam Post, Kancheepuram District 602107"
132,1433,"Sri Aravindar Engineering College, Pondy �Mailam Road,
Sedarapet Post, Vanur Taluk, Vilupuram District - 605111"
133,1433,"Sri Aravindar Engineering College, Pondy � Mailam Road,
Sedarapet Post, Vanur Taluk, Vilupuram District - 605111"
134,1434,"Surya Group of Institutions, GST Road, Vikravandi Village,
Villupuram District 605652"
135,1435,"Balaji Institute of Engineering and Technology, Thandalam
Village, Thiruporur, Kancheepuram District 603110"
136,1436,"A R Engineering College, Vadakuchipalayam, Kappiyampuliyur
Post, Villupuram District 605601"
137,1437,"Rrase College of Engineering, Padappai, Chennai 601301"
138,1438,"Sree Krishna College of Engineering, Anaicut Post, Unnai Village,
Vellore District 632101"
139,1439,"S R I College of Engineering and Technology, Birudur, Vandavasi
Taluk, Thiruvannamalai District 604408"
140,1441,"A K T Memorial College of Engineering and Technology,
Neelamangalam Village, Kallakurichi Post & Taluk, Villupuram
District 606202"
141,1442,"Prince Dr. K Vasudevan College of Engineering and Technology,
Medavakkam-Mambakkam Road, Ponmar, Chennai 600048"
142,1444,"Chendu College of Engineering & Technology, Zamin Endathur
Village, Madurantakam Taluk, Kancheepuram District 603331"
143,1445,"Sri Rangapoopathi College of Engineering, Alampoondi Village,
Gingee, Villupuram District 604151"
144,1447,"Jawahar Engineering College, Kaveri Rangan Nagar, Saligramam,
Chennai 600093"
145,1449,"Saraswathy College of Engineering and Technology, NH-45, Main
Road, Olakkur, Tindivanam Taluk, Villupuram District 604307"
146,1450,"Loyola-ICAM College of Engineering and Technology, Loyola
College Campus, Nungambakkam, Chennai 600034"
147,1452,"PERI Institute of Technology, Mannivakkam, West Tambaram,
Chennai 600048"
148,1501,"Adhiparasakthi College of Engineering, Kalavai, Vellore District
632506"
149,1503,"Arulmigu Meenakshi Amman College of Engineering,
Vadamavandal,Thiruvannamalai District 604410"
150,1504,"Arunai Engineering College, Mathur, Thiruvannamalai District
606603"
151,1505,"C Abdul Hakeem College of Engineering and Technology,
Melvisharam, Vellore District 632509"
152,1506,"G G R College of Engineering, Pillayarkuppam, Perumugai Post,
Vellore District 632009"
153,1507,"Ganadipathy Tulsi�s Jain Engineering College, Kaniyambadi,
Vellore District 632102"
154,1507,"Ganadipathy Tu lsi�s Jain Engineering College, Kaniyambadi,
Vellore District 632102"
155,1508,"Arunai College of Engineering, Mathur, Thiruvannamalai District
606603"
156,1509,"Meenakshi College of Engineering, Vembuliamman Koil Street, K
K Nagar (West), Chennai 600078"
157,1510,"Priyadarshini Engineering College, Vaniyambadi Post, Vellore
District 635751"
158,1511,"Ranippettai Engineering College, Thenkadappanthangal, Vellore
District 632513"
159,1512,"S K P Engineering College, Thiruvannamalai District 606611"
160,1513,"Sri Balaji Chockalingam Engineering College, Arni,
Thiruvannamalai District 632317"
161,1514,"Sri Nandhanam College of Engineering and Technology,
Tiruppattur, Vellore District 635601"
162,1515,"Saraswathi Velu College of Engineering, Melvenkatapuram
Village, Sholingur, Vellore District 631102"
163,1516,"Thanthai Periyar Government Institute of Technology,
Bagayam, Vellore District 632002"
164,1516,"Thanthai Periyar Government Institute of Technology
Bagayam, Vellore District 632002"
165,1517,"Thirumalai Engineering College, Kilambi, Kancheepuram District
631551"
166,1518,"Thiruvalluvar College of Engineering and Technology, Vandavasi,
Thiruvannamalai District 604505"
167,1519,"Bharathidasan Engineering College, Nattrampalli Post, Vellore
District 635854"
168,1520,"Kingston Engineering College, Chithoor Main Road, Christianpet
Village, Katpadi Taluk, Vellore District 632059"
169,1521,"Sri Sapthagiri Institute of Technology, Ocheri, Arakonam Taluk,
Vellore District 632531"
170,1523,"Global Institute of Engineering and Technology, Bangalore-Chennai Highway, Melvisharam, Walajah Taluk, Vellore District
632506"
171,1524,"Annamalaiar College of Engineering, Modaiyur Village, Polur
Taluk, Thiruvannamalai District 606902"
172,1525,"Podhigai College of Engineering and Technology,
Vinayakapuram, Adiyur Post, Tirupattur Taluk, Vellore District
635601"
173,1526,"Sri Krishna College of Engineering, Tiruttani High Road,
Arakkonam, Vellore District 631003"
174,1529,"Oxford College of Engineering, Venmani Village, Karaipoondi
Post, Polur Taluk, Thiruvannamalai District 606803"
175,1605,"Idhaya Engineering College for Women, Chinnasalem,
Villupuram District 606201"
176,2005,"Government College of Technology (Autonomous), Thadagam
Road, Coimbatore District 641013"
177,2006,"PSG College of Technology (Autonomous), Peelamedu,
Coimbatore District 641004"
178,2007,"Coimbatore Institute of Technology (Autonomous), Civil
Aerodrome Post, Coimbatore District 641014"
179,2025,"Anna University Regional Campus - Coimbatore, Maruthamalai
Main Road, Navavoor Bharathiyar University Post,
Somayampalayam, Coimbatore District 641046"
180,2302,"Sri Shanmugha College of Engineering and Technology, Morur
Bit II Village, Salem District 637302"
181,2314,"Muthayammal College of Engineering, Kakkaveri Post, Namakkal
District 637408"
182,2327,"N S N College of Engineering and Technology, Karur-Madurai
NH7, Manalmedu, Karur District 639003"
183,2328,"K S R Institute for Engineering and Technology, Thokkavadi,
Namakkal District 637215"
184,2329,"Rathinam Technical Campus, Pollachi Road, Eachanari,
Coimbatore District 641021"
185,2332,"Aishwarya College of Engineering and Technology,
Errattaikaradu Paruvachi Post, Anthiyur (Via), Bhavani Taluk,
Erode District 638312"
186,2332,"Aishwarya College of Engineering and Technology,
Errattaikaradu Paruvachi Post, Bhavani Taluk, Erode District"
187,2338,"Asian College of Engineering and Technology, Asian College
Road, Kondayampalayam, Near Saravanampatti, Coimbatore
District 641110"
188,2341,"Ganesh College of Engineering, Attur Main Road, Mettupatti,
Salem District 636111"
189,2342,"Sri Ranganathar Institute of Engineering and Technology,
Thudialur-Kovilpalay Road, Coimbatore District 641110"
190,2343,"Indian Institute of Handloom Technology, Foulke's Compound,
Thillai Nagar, Salem District 636001"
191,2343,
192,2344,"Kongu School of Architecture, Kongu Engineering College
Campus, Perundurai Railway Station Road, Thoppupalayam Post,
Perundurai, Erode District 638052"
193,2345,"Dhirajlal Gandhi College of Technology, Sikkanampatty, (Opp. to
Airport), Omalur Taluk, Salem District 636309"
194,2346,"Shree Sathyam College of Engineering and Technology, NH-47,
Manjakkalpatti, Kuppanur Post, Sankari Taluk, Salem District
637301"
195,2347,"AVS College of Technology, Attur Main Road, Near AVS
College of Arts & Science, Chinnagoundapuram, Salem District
636106"
196,2348,"San Academy of Architecture, ACC Pirivu, Navakarai Post,
Mavuthampathy Village, Walayar, Coimbatore District 641105"
197,2349,"Dhaanish Ahmed Institute of Technology, Pichanur Post, (Near K
G Chavadi), Coimbatore District 641105"
198,2350,"Jairupaa College of Engineering, Thottiapalayam, Kathankanni
Post, Kangayam, Tiruppur District 641 604"
199,2351,"N R School of Architecture, Kondampatty Village,
Kinathukadavu, Pollachi Taluk, Coimbatore District 641202"
200,2352,"J K K Munirajah School of Architecture, T N Palayam, Gobi
Taluk, Erode District 638506"
201,2353,"Skandha School of Architecture, SSO Arch, Kudalur Post,
Magudanchavadi, Sankagiri Taluk, Salem District 637103"
202,2354,"Pollachi Institute of Engineering and Technology, Main Road,
Poosaripatti, Pollachi Taluk, Coimbatore District 642205"
203,2355,"Cheran College of Engineering, Karur-Coimbatore Main Road,
NH-67, K.Paramathi Post, Aravakurichi Taluk, Karur District
639111"
204,2356,"Arulmurugan College of Engineering, Karvazhi Road, Thennilai
Post, Karur District 639206"
205,2357,"V S B College of Engineering Technical Campus, Ealur Pirivu,
Solavampalayam Post, Coimbatore District 642109"
206,2358,"SCAD Institute of Technology, Anupatti, Pollachi-Palladam
Highways, Palladam, Tiruppur District 641664"
207,2360,"Suguna College of Engineering, Kalappatti Road, Civil
Aerodrome Post, Coimbatore District 641014"
208,2361,"Sasi Creative School of Architecture, Pollachi Main
Road, Myleripalayam, Coimbatore District 641032"
209,2364,"School of Architecture, Coimbatore Institute of Engineering and
Technology, Vellimalaipattinam, Narasipuram post,
Thondamuthur via, Coimbatore District - 641109"
210,2365,"Nehru School of Architecture, 451-D, Palakkad Main Road,
Kuniamuthur, Coimbatore District 641108"
211,2367,"Arjun College of Technology, Chettiyakkapalayam,
Kinathukadavu, Coimbatore District 642120"
212,2369,"Government College of Engineering, Chettikkarai Post,
Dharmapuri District 635 704"
213,2370,"Capital College of Architecture, Coimbatore District 641028"
214,2372,"Park Institute of Architecture, Avinashi Road, NH-47, Kaniyur,
Coimbatore District 641659"
215,2373,"Hindusthan School of Architecture, Othakkalmandabam Post,
Coimbatore District 641032"
216,2376,"Rathinam School of Architecture, Rathinam Techzone Campus
Pollachi Road, Coimbatore District 641021"
217,2377,"PSG Institute of Technology and Applied Research, Avinashi
Road, Neelambur, Coimbatore 641062"
218,2601,"Adhiyamaan College of Engineering (Autonomous), Hosur,
Krishnagiri District 635109"
219,2602,"Annai Mathammal Sheela Enginereing College, Erumapatty Post,
Namakkal District 637013"
220,2603,"Government College of Engineering, Bargur, Krishnagiri District
635104"
221,2606,"Jayam College of Engineering and Technology, Nallanur Post,
Dharmapuri District 636813"
222,2607,"K S Rangasamy College of Technology (Autonomous),
Tiruchengode, Namakkal District 637215"
223,2608,"M Kumarasamy College of Engineering (Autonomous),
Thalavapalayam, Karur District 639113"
224,2609,"Mahendra Engineering College (Autonomous), Mahendhirapuri,
Mallasamudram, Namakkal District 637503"
225,2610,"Muthayammal Engineering College, Rasipuram, Namakkal
District 637408"
226,2611,"Paavai Engineering College (Autonomous), NH-7, Pachal
Post, Namakkal District 637018"
227,2612,"P G P College of Engineering and Technology, Paramathi Post,
Namakkal District 637207"
228,2613,"K S R College of Engineering (Autonomous), Tiruchengode,
Namakkal District 637215"
229,2614,"S S M College of Engineering, Komarapalayam, Namakkal
District 638183"
230,2615,"Government College of Engineering (Autonomous), Karuppur,
Salem District 636011"
231,2616,"Sapthagiri College of Engineering, Periyanahalli Post, Dharmapuri
District 635205"
232,2617,"Sengunthar Engineering College, Tiruchengode, Namakkal
District 637205"
233,2618,"Sona College of Technology (Autonomous), Suramangalam Post,
Salem District 636005"
234,2620,"Vivekanandha College of Engineering for Women (Autonomous),
Sathinaickenpalayam, Elayampalayam Village, Kumaramangalam,
Namakkal District 637205"
235,2621,"Er. Perumal Manimekalai College of Engineering, Near
Koneripalli, Hosur, Krishnagiri District 635117"
236,2622,"V S B Engineering College, Kovai Road, Karur District 639111"
237,2623,"Mahendra College of Engineering, Attur Road, Minnampalli,
Valapady, Salem District 636106"
238,2624,"Gnanamani College of Technology, Pachal Post, Namakkal
District 637018"
239,2625,"The Kavery Engineering College, M Kalipatti Post, Mecheri,
Salem District 634453"
240,2627,"Selvam College of Technology, Pappanaickenpatti Post,
Namakkal District 637003"
241,2628,"Paavai College of Engineering, NH-7, Pachal Post, Namakkal
District 637018"
242,2629,"Sengunthar College of Engineering, Tiruchengode, Namakkal
District 637205"
243,2630,"Chettinad College of Engineering and Technology, NH-67, Trichy
Main Road, Puliyur C F, Karur District 639114"
244,2631,"King College of Technology, Nallur, N Pudupatty Post, Namakkal
District 637020"
245,2632,"Mahendra Institute of Technology, Mahendhirapuri,
Mallasamudram, Namakkal District 637503"
246,2633,"Vidyaa Vikas College of Engineering and Technology,
Varahoorampatti, Tiruchengode, Namakkal District 637 214"
247,2634,"Excel Engineering College, Pallakkapalayam, Sankari West Post,
Namakkal District 637303"
248,2635,"C M S College of Engineering, Emapuram Post, Namakkal
District 637003"
249,2636,"A V S Engineering College, Military Road, Ammapet, Salem
District 636003"
250,2638,"Mahendra Engineering College for Women, Kumaramangalam,
Namakkal District 637205"
251,2639,"Narasus Sarathy Institute of Technology, Poosaripatty Village,
Omalur Taluk, Salem District 636305"
252,2640,"Jayalakshmi Institute of Technology, Thoppur, Dharmapuri
District 635352"
253,2641,"Varuvan Vadivelan Institute of Technology, Nallanahalli,
Dharmapuri District 636701"
254,2642,"P S V College of Engineeering and Technology, Mittapalli,
Balinayanapalli Post, Elathagiri, Krishnagiri District 635108"
255,2643,"Bharathiyar Institute of Engineering for Women, Deviayakurichi,
Attur Taluk, Salem District 636112"
256,2646,"Tagore Institute of Engineering and Technology, Deviyakurichi,
Attur Taluk, Salem District 636112"
257,2647,"J K K Nataraja College of Engineering and Technology,
Komarapalayam Amani, Thattankuttai Panchayat, Namakkal
District 638183"
258,2648,"Annaporna Engineering College, Sankari Main Road, NH-47,
Periaseeragapadi, Salem District 636308"
259,2649,"Karur College of Engineering, Sanjay Nagar, Karur-Erode Main
Road, Athur Post, Karur District 639002"
260,2650,"Christ the King Engineering College, Cecilia Gardens,
Chikkarampalayam Village, Coimbatore District 641104"
261,2651,"Jai Shriram Engineering College, Dharapuram Road, Avinashi
Palayam, Tiruppur District 638660"
262,2652,"Al-Ameen Engineering College, Karundevan Palayam, Nanjai
Uthukuli Post, Erode District 638104"
263,2653,"Knowledge Institute of Technology, KIOT Campus, Kakapalayam
Post, Salem District 637504"
264,2656,"Builders Engineering College, Erode Road, Nathakadaiyur,
Kangeyam 638108"
265,2657,"Paavai College of Technology, NH-7, Pachal Post, Namakkal
District 637018"
266,2658,"V S A Group of Institutions, NH-47, Uthamasola Puram Post,
Salem District 636010"
267,2659,"Salem College of Engineering and Technology, Salem-Attur Main
Road, NH-68, Mettupatty Perumapalayam, Salem District 636111"
268,2660,"Gnanamani College of Engineering, NH-7, A K Samuthiram,
Pachal Post, Namakkal District 637018"
269,2661,"Vivekanandha College of Technology for Women,
Sathinaickenpalayam, Elayampalayam Village, Kumaramangalam,
Namakkal District 637205"
270,2662,"Dr. Nagarathinams College of Engineering, Anadhagoundam
Palayam, Minakkal Post, Rasipuram, Namakkal District 637505"
271,2664,"Excel College of Engineering and Technology, Pallakapalayam,
Sankari West Post, Namakkal District 637303"
272,2665,"Mahendra Institute of Engineering and Technology,
Mahendrapuri, Mallasamudram, Namakkal District 637503"
273,2666,"The Kavery College of Engineering, M Kalipatti Post, Mecheri,
Salem District 636453"
274,2667,"Excel College of Architecture and Planning, Pallakapalayam,
Sankari West Post, Namakkal District 637303"
275,2673,"Sree Sakthi Engineering College, Bettathapuram, Bilichi Village,
Karamadai, Coimbatore District 641104"
276,2682,"Ambal Professional Group of Institutions, Coimbatore to Trichy
Road, K N Puram Post, Palladam Taluk, Tiruppur District 641662"
277,2683,"Shreenivasa Engineering College, B Pallipatti, Bommidi,
Pappireddipatti Taluk, Dharmapuri District 635301"
278,2702,"Bannari Amman Institute of Technology (Autonomous),
Sathyamanagalam, Erode District 638401"
279,2704,"Coimbatore Institute of Engineering and Technolgoy,
Narasipuram Post, Coimbatore District 641109"
280,2705,"C S I College of Engineering, Ketti, The Nilgiris 643215"
281,2706,"Dr. Mahalingam College of Engineering and Technology
(Autonomous), Mackinaickenpatti Post, Pollachi Taluk,
Coimbatore District 642003"
282,2707,"Erode Sengunthar Engineering College, Thudupathi Post, Erode
District 638057"
283,2708,"Hindusthan College of Engineering and Technology,
Othakkalmandapam Post, Coimbatore District 641032"
284,2709,"Institute of Road and Transport Technology, Vasavi College Post,
Erode District 638316"
285,2710,"Karpagam College of Engineering (Autonomous),
Othakkalmandapam, Coimbatore District 641032"
286,2711,"Kongu Engineering College (Autonomous), Perundurai, Erode
District 638052"
287,2712,"Kumaraguru College of Technology (Autonomous),
Chinnavedampatti Post, Coimbatore District 641006"
288,2713,"M P Nachimuthu M Jagannathan Engineering College,
Chennimalai, Erode District 638112"
289,2714,"Maharaja Engineering College, Avinashi, Tiruppur District
641654"
290,2715,"Nandha Engineering College (Autonomous), Pitchandampalayam
Post, Erode District 638052"
291,2716,"Park College of Engineering and Technology, Kaniyur,
Coimbatore District 641659"
292,2717,"Sasurie College of Engineering, Vijayamangalam, Tiruppur
District 638056"
293,2718,"Sri Krishna College of Enginering and Technology (Autonomous),
Kuniamuthur, Coimbatore District 641008"
294,2719,"Sri Ramakrishna Engineering College (Autonomous),
Vattamalaipalayam, Coimbatore District 641022"
295,2721,"Tamilnadu College of Engineering, Karumathampatti Post,
Coimbatore District 641659"
296,2722,"Sri Krishna College of Technology (Autonomous), Kovaipudur
Post, Coimbatore District 641042"
297,2723,"Velalar College of Engineering and Technology, Thindal Post,
Erode District 638009"
298,2725,"Sri Ramakrishna Institute of Technology, (Autonomous),
Pachapalayam, Coimbatore District 641010"
299,2725,"Sri Ramakrishna Institute of Technology, (Autonomous)
Pachapalayam, Coimbatore District 641010"
300,2726,"SNS College of Technology (Autonomous), SNS Kalvi Nagar,
Sathy Main road, Saravanampatti Post, Coimbatore District
641035"
301,2727,"Sri Shakthi Institute of Engineering and Technology, L&T Bye-Pass, Venkitapuram Post, Comibatore District 641062"
302,2728,"Tamilnadu School of Architecture, Karumathampatti Post,
Coimbatore District 641659"
303,2729,"Nehru Institute of Engineering and Technology,
Thirumalayampalayam Post, Coimbatore District 641105"
304,2731,"R V S College of Engineering and Technology, Kannampalayam,
Sulur, Coimbatore District 641402"
305,2732,"INFO Institute of Engineering, Sarkar Samakulam, Coimbatore
District 641107"
306,2733,"Angel College of Engineering and Technology, P.K.Palayam,
Ugayanur Village, Tirupur District 641 665"
307,2734,"SNS College of Engineering, Sathy Main Road, Kurumbapalayam
Post, Coimbatore District 641107"
308,2735,"Karpagam Institute of Technology, Seerapalayam Village, L&T
By pass Road, Coimbatore District 641021"
309,2736,"Dr. N G P Institute of Technology, Kalapatti Road, Coimbatore
District 641035"
310,2737,"Sri Sai Ranganathan Engineering College, Zahirnaickenpalayam
Village, Viraliyur Post, Thondamuthur Via, Coimbatore District
641109"
311,2739,"Sri Eshwar College of Engineering, Kondampatti Post, Vadasithur
(Via), Kinathukadavu, Coimbatore District 641202"
312,2740,"Hindustan Institute of Technology, Othakkalmandapam,
Coimbatore District 641032"
313,2741,"P A College of Engineering and Technology, (Autonomous)
Palladam Road, Pollachi, Coimbatore District 642002"
314,2743,"Dhanalakshmi Srinivasan College of Engineering, NH47,
Palakkad Main Road, Navakkarai Post, Near Nandhi Temple,
Coimbatore District 641105"
315,2744,"Adithya Institute of Technology, Kurumbapalayam Village,
Coimbatore District 641107"
316,2745,"Kathir College of Engineering, Neelambur, Avinashi Road,
Coimbatore District 641062"
317,2747,"Shree Venkateshwara Hi-Tech Engineering College, Othakuthirai,
K Mettupalayam Post, Gobichettipalayam, Erode District 638455"
318,2748,"Surya Engineering College, Mettukadai, Kathirampatti Post, Erode
District 638107"
319,2749,"EASA College of Engineering and Technology, NH-47,
Coimbatore-Palakkad Main Road, Navakarai Post, Coimbatore
District 641105"
320,2750,"KIT-Kalaignar Karunanidhi Institute of Technology,
Kannampalayam, Coimbatore District 641402"
321,2751,"KGISL Institute of Technology, KGISL Campus, Thudiyalur
Road, Saravanampatti, Coimbatore District 641035"
322,2752,"Nandha College of Technology, Pitchandampalayam Post, Erode
District 638052"
323,2753,"P P G Institute of Technology, Vilankurichi Village, Coimbatore
District 641035"
324,2755,"Nehru Institute of Technology, Thirumalayampalayam Post,
Coimbatore District 641105"
325,2758,"J K K Muniraja College of Technology, T N Palayam, Gobi Taluk,
Erode District 638506"
326,2759,"McGans Ooty School of Architecture, Summer House Road, Ooty,
The Nilgiris 643001"
327,2761,"United Institute of Technology, Gadalore Village,
Perianaickenpalayam, Coimbatore District 641020"
328,2762,"Jansons Institute of Technology, Karumathampatty, Somaur,
Coimbatore District 641659"
329,2763,"Akshaya College of Engineering and Technology, Kinathukadavu,
Coimbatore District 642109"
330,2764,"K P R Institute of Engineering and Technology, Kollupalayam
Village, Arasur Panchayat, Coimbatore District 641407"
331,2765,"Sriguru Institute of Technology, Varathaiyanagar Palayam,
Kondayampalayam Post, Coimbatore District 641110"
332,2767,"SRG Engineering College, Aniyapuram Post, Namakkal District
637017"
333,2768,"Park College of Technology, Prema Ravi Nagar,
Karumathampatty, Coimbatore District 641059"
334,2769,"J C T College of Engineering and Technology, Pichanur,
Coimbatore District 641105"
335,2772,"C M S College of Engineering and Technology,
Appachigoundenpathy, Kumittipatti, Coimbatore District 641105"
336,2776,"R V S Technical Campus-Coimbatore, Kumaran Kottam Campus,
Kannampalayam, Sulur, Coimbatore District 641 402"
337,2778,"R V S School of Architecture, Kumaran Kottam Campus, Trichy
Road, Kannampalayam, Coimbatore District 641402"
338,2779,"Ranganathan Architecture College, Viraliyur Post, Thondamuthur
Via, Coimbatore District 641109"
339,2780,"S V S School of Architecture, Asarampalayam Post, Pollachi
Taluk, Coimbatore District 642109"
340,3011,"University College of Engineering, BIT Campus, Anna University,
Tiruchirappalli District 620024"
341,3016,"University College of Engineering, Ariyalur, Kathankudikadu
Village, Thelur Post, Ariyalur District 621704"
342,3018,"University College of Engineering, Thirukkuvalai, Nagappattinam
District 610204"
343,3019,"University College of Engineering, Panruti, Chennai-Kumbakonam Highway, Panikkankuppam, Panruti, Cuddalore
District 607106"
344,3021,"University College of Engineering, Pattukkottai, ECR Road,
Rajamadam, Pattukkottai Taluk, Thanjavur District 614701"
345,3403,"Mahalakshmi Engineering College, Trichy-Salem Highways,
(Near No.1 Tollgate), Melpathu, Siruganbur Post, Tiruchirappalli
District 621213"
346,3410,"Krishnaswamy Collge of Engineering and Technology, S
Kumarapuram, Cuddalore District 607109"
347,3425,"C K College of Engineering and Technology, Chellangkuppam,
Cuddalore District 607003"
348,3446,"Prime College of Architecture and Planning, Main Road, Kilvelur,
Nagapattinam District 611104"
349,3451,"SMR East Coast College of Engineering & Technology, East
Coast Road, Somanathapattinam, Thanjavur District 614612"
350,3453,"RVS KVK School of Architecture, Dindigul Highway,
Inamkulathur, Tiruchirappalli District 621303"
351,3454,"Sri Ramakrishna College of Engineering, Sri Saradha Nagar, NH-45, Perambalur District 621113"
352,3456,"K S K College of Engineering and Technology, Thanjavur Main
Road, Darasuram, Kumbakonam, Thanjavur District 612702"
353,3457,"Dhanalakshmi Srinivasan College of Engineering, Thuraiyur
Road, Perambalur District 621212"
354,3458,"Dhanalakshmi Srinivasan Institute of Research and Technology,
NH-45, Trichy � Chennai Main Road, Siruvachur, Perambalur
District 621113"
355,3459,"Dhanalakshmi Srinivasan Institute of Technology, Samayapuram,
Chennai-Trichy Main Road, Tiruchirappalli District 621112"
356,3460,"Sureya College of Engineering, Konalai, Tiruchirappalli District
621132"
357,3461,"Arifa Institute of Technology, Esanoor, Keelaiyur Post,
Thirukkuvalai Taluk, Nagapattinam District 611103"
358,3462,"Ariyalur Engineering College, NH-227, Trichy-Chithambaram
NH, Karuppur-Senapathy Post, Ariyalur District 621707"
359,3463,"Elizabeth College of Engineering and Technology,
Annamangalam Post, Veppanthattai Taluk, Perambalur District
621102"
360,3464,"Government College of Engineering, Gandarvakottai Road,
Sengipatti, Thanjavur District 613402"
361,3465,"Government College of Engineering, Srirangam, Sethurappatti,
Trichy District 620 012"
362,3466,"Nelliandavar Institute of Technology, Nerunjikorai Village,
Pudhupalayam, Ariyalur Taluk, Ariyalur District 621704"
363,3467,"Prime Nest College of Architecture and Planning, V.J.P. Campus,
Trichy-Chennai Highway, Navaladiyan Nagar, Siruganur,
Tiruchirappalli District 621105"
364,3701,"K Ramakrishnan College of Technology, Kariyamanickam Road,
Samayapuram, Manachanallur Taluk, Tiruchirappalli District
621112"
365,3701,"K Ramakrishnan College of Technology, Kariyamanickam Road,
Samayapuram, Tiruchirappalli District 621112"
366,3760,"Sir Issac Newton College of Engineering and Technology,
Anthanapeetai Post, Papakoil, Nagappattinam District 611102"
367,3766,"Star Lion College of Engineering & Technology, Manankorai
Main Road, Manankorai Village, Thanjavur District 614206"
368,3782,"OASYS Institute of Technology , Pulivalam Village, Musiri
Taluk, Tiruchirappalli District 626001"
369,3783,"M.A.M. School of Architecture, Siruganur, Tiruchirappalli District
621105"
370,3784,"C.A.R.E School of Architecture, Engineering, Thayanoor Village,
Kuttappatti, Srirangam Taluk, Tiruchirappalli District 620009"
371,3786,"M.A.M. School of Engineering, Siruganur, Tiruchirappalli District
621105"
372,3795,"SRM TRP Engineering College, Irungalur, Manachanallur Taluk,
Tiruchirappalli District 621105"
373,3801,"A V C College of Engineering, Mannampandal Post,
Mayiladuthurai, Nagappattinam District 609305"
374,3802,"Shri Angalamman College of Engineering and Technology
Siruganoor, Tiruchirappalli District 621105"
375,3803,"Anjalai Ammal-Mahalingam Engineering College, Kovilvenni,
Thiruvarur District 614403"
376,3804,"Arasu Engineering College, Chennai Main Road, Kumbakonam,
Thanjavur District 612501"
377,3805,"Dhanalakshmi Srinivasan Engineering College, Thuraiyur Road,
Perambalur District 621212"
378,3806,"Edayathangudi G S Pillay Engineering College, Nagapattinam
District 611002"
379,3807,"J J College of Engineering and Technology, Poolankulathupatti
Post, Thiruchirappalli District 620009"
380,3808,"Jayaram College of Engineering and Technology , Pagalavadi
Post, Tiruchirappalli District 621014"
381,3809,"Kurinji College of Engineering and Technology, Manapparai,
Tiruchirappalli District 621307"
382,3810,"M.A.M. College of Engineering, Siruganur, Tiruchirappalli
District 621105"
383,3811,"M I E T Engineering College, Trichy-Pudukkottai Road,
Tiruchirappalli District 620007"
384,3812,"Mookambigai College of Engineering, Keeranur, Pudukkottai
District 622502"
385,3813,"Oxford Engineering College, Pirattiyur(W), Tiruchirappalli
District 620009"
386,3814,"P R Engineering College, Vallam, Thanjavur District 613403"
387,3815,"Pavendhar Bharathidasan College of Engineering and Technology,
Pudukkottai Main Road, Tiruchirappalli District 620024"
388,3817,"Roever Engineering College, Elambalur, Perambalur District
621212"
389,3819,"Saranathan College of Engineering, Panjappur, Tiruchirappalli
District 620012"
390,3820,"Trichy Engineering College, Konalai, Tiruchirappalli District
621132"
391,3821,"A R J College of Engineering and Technology, Mannargudi Taluk,
Thiruvarur District 614001"
392,3822,"Dr. Navalar Nedunchezhian College of Engineering, Tholudur,
Cuddalore District 606303"
393,3823,"Srinivasan Engineering College, Thuraiyur Road, Perambalur
District 621212"
394,3825,"St. Josephs College of Engineering and Technology, Elupatti
Village, Rawaspatti Post, Thanjavur District 613403"
395,3826,"Kongunadu College of Engineering and Technology, Tholurpatti,
Thottiyam, Tiruchirappalli District 621215"
396,3829,"M.A.M. College of Engineering and Technology, Trichy-Chennai
Trunk Road, Siruganur, Tiruchirappalli District 621105"
397,3830,"K Ramakrishnan College of Engineering, Kariyamanickam Road,
Samayapuram, Manachanallur Taluk, Tiruchirappalli District
621112"
398,3830,"K Ramakrishnan College of Engineering, Kariyamanickam Road,
Samayapuram, Manachanallur Taluk, Tiruchirappalli 621112"
399,3831,"Indra Ganesan College of Engineering, Madurai Main Road,
Manikandam, Tiruchirappalli District 620012"
400,3833,"Parisutham Institute of Technology and Science, Ring Road,
Nanjikottai, Thanjavur District 613006"
401,3841,"C.A.R.E Group of Institutions, Thayanoor Village, Thayanoor
Village, Kuttappatti, Srirangam Taluk, Tiruchirappalli District
620009"
402,3841,"C.A.R.E Group of Institutions, Thayanoor Village, Thayanoor
Village, Kuttappatti, Srirangam Taluk, Tiruchirappalli District 6"
403,3843,"M R K Institute of Technology, Nattarmangalam Village,
Kattumannarkoil, Cuddalore District 608306"
404,3844,"Shivani Engineering College, Ammapettai, Srirangam,
Tiruchirappalli District 620009"
405,3845,"Imayam College of Engineering, Kannanur, Thuraiyur,
Tiruchirappalli District 621206"
406,3846,"Mother Terasa College of Engineering and Technology,
Mettusalai Post and Taluk, Pudukkottai District 622102"
407,3847,"Roever College of Engineering and Technology, Elambalur,
Perambalur District 621212"
408,3848,"Vandayar Engineering College, Pulavarnatham Post, Mariamman
Koil (Via), Thanjavur District 613001"
409,3849,"Annai College of Engineering and Technology, Kovilacheri,
Kumbakonam, Thanjavur District 612503"
410,3850,"Vetri Vinayaha College of Engineering and Technology,
Namakkal-Trichy Main Road, Tholurpatti Village, Thottiam,
Tiruchirappalli District 621215"
411,3852,"Sri Bharathi Engineering College for Women, Kaikkuruchi
Village, Alangudi Taluk, Pudukkottai District 622303"
412,3854,"Mahath Amma Institute of Engineering and Technology (MIET),
Ariyur, Annavasal Road, Illupur Taluk, Pudukkottai District
622101"
413,3855,"As-Salam College of Engineering and Technology,
Thirumangalakudi, Aduthurai, Thiruvidaimaruthur, Thanjavur
District 612102"
414,3857,"Meenakshi Ramaswamy Engineering College, Trichy Main Road,
Thathanur, Udayarpalayam, Ariyalur District 621804"
415,3859,"Sembodai Rukmani Varatharajan Engineering College, Sembodai
Village, Vedaraniam, Nagappattinam District 614820"
416,3860,"St. Annes College of Engineering and Technology,
Anguchettypalayam, Siruvathur Post, Panruti, Cuddalore District
607110"
417,3905,"Kings College of Engineering, Punalkulam, Pudukkottai District
613303"
418,3908,"Mount Zion College of Engineering and Technology, Pilivalam
Post, Pudukkottai District 622507"
419,3918,"Shanmuganathan Engineering College, Pillivalam Post,
Pudukkottai District 622507"
420,3920,"Sudharsan Engineering College, Sathiyamangalam Post,
Pudukkottai District 622501"
421,3923,"M N S K College of Engineering, Vallathirakkottai Post,
Pudukkottai District 622305"
422,3925,"M A R College of Engineering and Technology, Boothakudi,
Rasanaickenpatty Post, Illuppur Taluk, Pudukkottai District
621316"
423,4020,"Anna University Regional Campus - Tirunelveli, Trivandrum
Road, Palayamkottai, Tirunelveli District 627007"
424,4023,"University College of Engineering, Nagercoil, Nagercoil Industrial
Estate, Konam, Kanyakumari District 629004"
425,4024,"University V.O.C. College of Engineering, Thoothukudi, Near
V.O.C. College, Millerpuram, Thoothukudi District 628008"
426,4669,"Thamirabharani Engineering College, Chathirampudukulam
Village, Thatchanallur, Tirunelveli District 625358"
427,4670,"Rohini College of Engineering & Technology, Anjugramam-Kanyakumari Main Road, Palkulam, Variyoor Post, Kanyakumari
District 629401"
428,4671,"Sigma College of Architecture, Moododu, Anucode Post,
Marthandam, Kanyakumari District 629168"
429,4672,"Stella Marys College of Engineering, Arunthengan Vilai, Azhikal
Post, Kanyakumari District 629202"
430,4675,"Universal College of Engineering and Technology, Anbagam
Campus, Radhapuram Road, Vallioor, Tirunelveli District 627117"
431,4676,"Renganayagi Varatharaj College of Engineering, Salvarpatti,
Sivakasi, Virudhunagar District 626128"
432,4677,"Lourdes Mount College of Engineering and Technology,
Marthandam-Karungal Road, Chundavilai, Mullanganavilai,
Nattalam Post, Kanyakumari District 629195"
433,4678,"Ramco Institute of Technology, North venganallur Village,
Krishnapuram Panchayat, Rajapalayam, Virudhunagar District
626117"
434,4679,"V.P.M.M. College of Architecture for Women, V.P.M. Nagar,
Krishnankoil, Srivilliputtur, Virudhunagar District 626190"
435,4680,"AAA College of Engineering and Technology, Kamarajar
Educational Road, Amathur Village, Sivakasi, Virudhunagar
District 626005"
436,4686,"Good Shepherd College of Engineering and Technology,
Maruthamparai, Kanyakumari District 629101"
437,4864,"V V College of Engineering, Arasoor Village, Idaichivilai Post,
Santhakulam Taluk, Thoothukudi District 628656"
438,4917,"Sethu Institute of Technology (Autonomous), Kariapatti Post,
Virudhunagar District 626106"
439,4927,"Maria College of Engineering and Technology, Attoor
Puliyamoodu Junction, Thiruvattar Post, Kanyakumari District
629177"
440,4927,"Maria College of Engineering and Technology, Attoor
Puliyamoodu Junction, Thiruvattar Post, Kanyakumari District"
441,4928,"MAR Ephraem College of Engineering & Technology, Malankara
Hills, Elavuvillai, Marthandam, Kanyakumari District 629171"
442,4929,"M E T Engineering College, Mogals Garden, Thovalai Village,
Aralvaimozhi Town Panchayat, Thovalai, Kanyakumari District
629304"
443,4931,"Chandy College of Engineering, Chandy Nagar, Mullakkadu,
Thoothukudi District 628005"
444,4932,"Immanuel Arasar J J College of Engineering, Anappara,
Edavilagam, Nattalam, Kanyakumari District 629195"
445,4933,"St. Mother Theresa Engineering College, Vagaikulam,
Thoothukudi District 628102"
446,4934,"Holy Cross Engineering College, Vagaikulam, Sri Mulakarai,
Srivaikuntam, Thoothukudi District 628851"
447,4937,"A R College of Engineering and Technology, Kadayam-Alangulam Road, Therikkumadathoor Post, Tirunelveli District
627423"
448,4938,"Sivaji College of Engineering and Technology, Manivilla Palulai
Panchayat, Vilavancode, Kanyakumari District 629170"
449,4941,"Unnamalai Institute of Technology, Ayyaneri, Kovilpatti,
Thoothukudi District 628502"
450,4943,"Satyam College of Engineering & Technology, Kannappannallur,
Aralvaimozhi, Kanyakumari District 629301"
451,4944,"Arunachala College of Engineering for Women, Thanka Gardens,
Manavilai, Vellichanthai, Nagercoil, Kanyakumari District 629203"
452,4945,"Vins Christian Womens College of Engineering, Chunkankadai
Post, Nagercoil, Kanyakumari District 629807"
453,4946,"D M I Engineering College, Aralvaimozhi Village, Thovalai,
Kanyakumari District 629301"
454,4948,"Rajas International Institute of Technology for Women,
Ozhuginasery, Nagercoil, Kanyakumari District 629001"
455,4949,"P S N Institute of Technology & Science, Melathediyoor,
Tirunelveli District 627152"
456,4952,"C S I Institute of Technology, Thovalai, Kanyakumari District
629302"
457,4953,"CAPE Institute of Technology, Levingipuram, Tirunelveli District
627114"
458,4954,"Dr. Sivanthi Aditanar College of Engineering, Tiruchendur,
Thoothukudi District 628215"
459,4955,"Francis Xavier Engineering College, Vannarpettai, Tirunelveli
District 627003"
460,4957,"Jayaraj Annapackiam CSI College of Engineering, Nazareth,
Thoothukudi District 628617"
461,4959,"Kamaraj College of Engineering and Technology, Virudhunagar
District 626001"
462,4960,"Mepco Schlenk Engineering College (Autonomous), Sivakasi,
Virudhunagar District 626005"
463,4961,"National College of Engineering, Maruthakulam Post, Tirunelveli
District 627151"
464,4962,"National Engineering College (Autonomous), Kovilpatti,
Thoothukudi District 628503"
465,4964,"P S N College of Engineering and Technology (Autonomous),
Melathediyoor, Tirunelveli Dstrict 627152"
466,4965,"P S R Engineering College (Autonomous), Appayanaickenpatti,
Sevalpatti, Virudhunagar District 626140"
467,4966,"PET Engineering College, Vallioor Post, Tirunelveli District
627117"
468,4967,"S Veerasamy Chettiar College of Engineering and Technology,
Puliangudi Post, Tirunelveli District 627855"
469,4968,"Sardar Raja College of Engineering, Alangulam, Tirunelveli
District 627808"
470,4969,"SCAD College of Engineering and Technology, Cheranmahadevi,
Tirunelveli District 627414"
471,4970,"Sree Sowdambiga College of Engineering, Aruppukkottai Taluk,
Virudhunagar District 626134"
472,4971,"St. Xavier Catholic College of Engineering, Chunkankadai,
Nagercoil, Kanyakumari District 629807"
473,4972,"Amrita College of Engineering and Technology, Erachakulam
Post, Kanyakumari District 629902"
474,4973,"Rajas Engineering College , Vadakkangulam, Tirunelveli District
627116"
475,4974,"Government College of Engineering, Tirunelveli District 627007"
476,4975,"Dr. G U Pope College of Engineering, Sawyerpuram, Thoothukudi
District 628251"
477,4976,"Infant Jesus College of Engineering, Thoothukudi Highway
(NH7/A), Thoothukudi District 628851"
478,4977,"Narayanaguru College of Engineering, Manjalumoodu,
Kanyakumari District 629151"
479,4978,"Udaya School of Engineering, Ammandivilai Post, Kanyakumari
District 629204"
480,4979,"V P Muthaiah Pillai Meenakshi Ammal Engineering College for
Women, Srivilliputhur Taluk, Virudhunagar District 626190"
481,4980,"Einstein College of Engineering, Seethaparpanallur, Tirunelveli
District 627012"
482,4981,"Ponjesly College of Engineering, Vettornimadam Post, Nagercoil,
Kanyakumari District 629003"
483,4982,"Vins Christian College of Engineering, Chunkankadai Post,
Nagercoil, Kanyakumari District 629807"
484,4983,"Lord Jegannath College of Engineering and Technology,
Kumarapuram, Thoppur Post, Kanyakumari District 629402"
485,4984,"Marthandam College of Engineering & Technology, Kuttakuzhi,
Veeyanoor Post, Kanyakumari District 629177"
486,4989,"P S N Engineering College, Melathediyoor, Tirunelveli District
627152"
487,4992,"Bethlahem Institute of Engineering, Karungal, Kanyakumari
District 629157"
488,4993,"Loyola Institute of Technology and Science, Loyola Nagar, P B
No.2, Thovalai, Kanyakumari District 629302"
489,4994,"J P College of Engineering, College Road, Ayakudy, Tenkasi
Taluk, Tirunelveli District 627852"
490,4995,"P S R Rengasamy College of Engineering for Women,
Appayanaickenpatti, Sevalpatti, Virudhunagar District 626140"
491,4996,"Sri Vidhya College of Engineering and Technology, Sivakasi
Main Road, P Kumaralinapuram, Virudhunagar District 626005"
492,4998,"Mahakavi Bharathiyar College of Engineering and Technology,
Vasudevanallur, Tirunelveli District 627758"
493,4999,"Annai Vailankanni College of Engineering, Pothaiyadi Salai,
Pottalkulam, Azhagappapuram, Kanyakumari District 629401"
494,5008,"Thiagarajar College of Engineering (Autonomous),
Tirupparankundram, Madurai District 625015"
495,5009,"Government College of Engineering, Melachokkanathapuram,
Bodinayakkanur, Theni District 625 582"
496,5010,"Anna University Regional Campus - Madurai, Kanyakumari
National Highway, Keelakuilkudi, Madurai District 625019"
497,5012,"Central Electrochemical Research Institute, (CECRI), Karaikudi,
Sivagangai District 630006"
498,5012,
499,5017,"University College of Engineering, Ramanathapuram, Pullangudi,
Ramanathapuram District 623513"
500,5022,"University College of Engineering, Dindigul, Mangarai Pirivu,
Reddiyarchathiram, Dindigul District 624622"
501,5502,"Sree Raaja Raajan College of Engineering & Technology,
Amaravathi Village, Amaravathi Pudur Post, Karaikudi,
Sivagangai District 630301"
502,5530,"SSM Institute of Engineering and Technology, Kuttathupatti
Village, Sindalaigundu Post, Dindigul District 624002"
503,5532,"Vaigai College of Engineering, Therkutheru, Melur Taluk,
Madurai District 625122"
504,5533,"Karaikudi Institute of Technology, KIT & KIM Technical
Campus, Keeranipatti, Thalakkuvur, Karaikudi, Sivagangai"
505,5533,"Karaikudi Institute of Technology, KIT & KIM Technical
Campus, Keeranipatti, Thalakkuvur, Karaikudi, Sivagangai
District 630307"
506,5536,"Mangayarkarasi College of Engineering, First Street,
Mangayarkarasi Nagar, Paravai, Madurai District 625402"
507,5537,"Jainee College of Engineering and Technology, Dindigul-Theni
Main Road (Near Vakkampatti), Dindigul District 624303"
508,5538,"J.K. College of Architecture, NH-7, Madurai Road, Begampur
Post, Dindigul 624002"
509,5544,"Agni School of Architecture and Design Excellence (ASADE),
NH45, Trichy Road, Morepatti, Vadamadurai, Dindigul District"
510,5544,"Agni School of Architecture and Design Excellence (ASADE),
NH45, Trichy Road, Morepatti, Vadamadurai, Dindigul District
624001"
511,5703,"Christian College of Engineering and Technology, Oddanchatram,
Dindigul District 624619"
512,5720,"Sri Subramanya College of Engineering and Technology,
Sukkamanaickanpatti, Palani, Dindigul District 624615"
513,5832,"N P R College of Engineering and Technology, Natham, Dindigul
District 624003"
514,5842,"Madurai Institute of Engineering & Technology, Pottapalayam
Village, Manamadurai Taluk, Sivagangai District 630611"
515,5851,"Veerammal Engineering College, K Singarakottai, Dindigul
District 624708"
516,5862,"R V S Educational Trust�s Groups of Institutions (Integrated
Campus), N Paraipatti Post, Vedasandur Taluk, Dindigul District
624005"
517,5863,"R V S School of Architecture, N Paraipatti Post, Vedasandur
Taluk, Dindigul District 624005"
518,5865,"Nadar Saraswathi College of Engineering and Technology,
Vadupudupatti, Annanji Post, Theni District 625531"
519,5901,"Alagappa Chettair Government College of Engineering and
Technology (Autonomous), Karaikudi, Sivagangai District 630004"
520,5902,"Bharath Niketan Engineering College, Thimmarasanaickanoor,
Aundipatti, Theni District 625536"
521,5903,"K L N College of Information Technology, Pottapalayam,
Sivagangai District 630611"
522,5904,"K L N College of Engineering, Pottapalayam, Sivagangai District
630611"
523,5907,"Mohamed Sathak Engineering College, Kilakarai,
Ramanathapuram District 623806"
524,5910,"P S N A Colllege of Engineering and Technology, Dindigul
District 624622"
525,5911,"P T R College of Engineering and Technology, Austinpatty Post,
Madurai District 625008"
526,5912,"Pandian Saraswathi Yadav Engineering College, Thirumansolai
Post, Sivagangai District 630 561"
527,5913,"Ratnavel Subramaniam College of Engineering and Technology,
N Paraipatti Post, Dindigul District 624005"
528,5914,"SOLAIMALAI COLLEGE OF ENGINEERIG, Veerapanjan,
Madurai District 625020"
529,5915,"SACS-M A V M M Engineering College, Kidaripatty Post,
Madurai District 625001"
530,5919,"St. Michael College of Engineering and Technology, Kalayarkoil,
Sivagangai District 630551"
531,5921,"Syed Ammal Engineering College, Achuthan Vayal Post,
Ramanathapuram District 623502"
532,5922,"Vickram College of Engineering, Enathi Post, Sivagangai District
630561"
533,5924,"Ganapathy Chettiar College of Engineering and Technology,
Melakavanur Post, Paramakudi, Ramanathapuram District 623706"
534,5930,"SBM College of Engineering and Technology, Thamaraipady, T N
Paraipatti Pirivu, Dindigul District 624005"
535,5935,"Fatima Michael College of Engineering & Technology, Sengottai
Village, Sivagangai Main Road, Madurai District 625020"
536,5942,"Ultra College of Engineering & Technology, Kodikulam, 1 Bit
Village, Madurai-Chennai Highway, Madurai District 625104"
537,5986,"Velammal College of Engineering and Technology, Madurai -Rameshwaram High Road, Viraganoor, Madurai District 625009"
538,5988,"Theni Kammavar Sangam College of Technology, Theni Main
Road, Koduvillarpatti Post, Theni District 625534"
539,5990,"Latha Mathavan Engineering College, Kidaripatti Post, Alagarkoil
(Via), Melur Taluk, Madurai District 625301"
